rainfall_24h,soil_moisture,slope_angle,seismic_activity,vegetation_cover,drainage_density,antecedent_rainfall_7d,elevation,risk_score
0.9,24.6,9.5,0.147,77.1,2.28,5.2,622.0,0
85.4,60.7,29.0,0.425,36.3,2.55,150.7,2176.0,47
11.9,20.4,24.1,0.067,53.7,0.69,50.8,804.0,3
68.7,51.4,26.0,0.332,51.6,3.22,82.0,1416.0,31
70.3,62.0,29.7,0.151,28.3,3.59,123.8,1429.0,61
115.6,76.2,37.2,0.186,41.9,2.41,125.5,2482.0,73
72.7,79.2,26.1,0.511,44.2,3.0,87.9,2352.0,68
84.9,82.1,37.9,0.171,24.2,3.86,144.7,2070.0,67
31.0,69.9,25.2,0.036,31.6,1.72,86.5,1530.0,42
157.2,97.9,43.2,0.98,30.8,3.03,330.2,3204.0,91
11.9,25.3,8.2,0.001,78.9,1.94,58.3,962.0,12
10.4,37.4,17.2,0.031,80.5,1.58,46.7,730.0,4
51.4,83.2,42.6,0.516,29.2,2.14,185.4,2410.0,54
34.2,33.6,7.5,0.132,87.9,0.83,31.7,807.0,9
24.1,40.0,13.0,0.134,64.9,2.3,27.1,448.0,2
183.1,89.8,30.2,0.795,6.8,3.2,157.9,2326.0,89
84.0,73.5,39.5,0.541,37.3,2.61,136.8,1492.0,49
12.4,29.4,22.3,0.011,76.1,1.79,3.6,928.0,1
87.5,63.5,28.7,0.331,46.2,2.19,177.0,2255.0,48
18.9,15.5,6.9,0.151,59.5,1.31,28.9,1065.0,0
69.3,48.0,30.7,0.182,44.8,3.41,119.6,1222.0,49
70.8,84.2,36.6,0.371,42.4,2.14,150.1,1655.0,63
176.2,95.0,31.7,0.348,30.9,4.21,385.4,2924.0,97
112.3,91.1,44.1,0.521,12.8,5.01,228.5,2164.0,84
16.0,47.5,23.7,0.002,74.8,1.63,6.0,738.0,15
152.4,79.4,36.1,0.499,18.1,4.63,225.6,3960.0,100
53.4,56.6,33.6,0.041,60.7,2.03,110.1,1465.0,28
64.7,68.6,38.7,0.526,35.2,2.63,189.0,886.0,71
1.5,26.7,7.6,0.196,56.5,1.38,42.3,761.0,0
24.2,20.2,5.7,0.074,72.1,1.36,2.5,565.0,1
67.5,62.6,40.6,0.542,32.2,3.55,98.5,2381.0,52
0.9,40.8,11.6,0.186,82.1,2.23,48.6,467.0,18
21.9,54.1,19.0,0.367,42.2,3.14,108.4,790.0,44
33.9,42.1,30.5,0.14,47.8,2.86,105.9,930.0,21
9.1,35.3,24.7,0.008,73.9,1.19,47.2,636.0,12
48.8,47.6,29.2,0.001,62.4,2.58,94.7,1465.0,44
23.5,59.9,21.6,0.126,59.7,2.94,57.0,902.0,38
34.8,43.8,23.4,0.376,53.7,3.31,85.4,891.0,37
64.7,79.6,37.1,0.261,33.3,3.69,141.3,2149.0,70
9.9,38.2,17.4,0.019,88.1,0.97,18.6,1007.0,0
247.6,90.2,49.2,0.619,31.6,4.73,329.6,2460.0,85
203.1,95.9,51.5,0.92,28.4,3.66,351.0,3240.0,84
65.9,43.6,17.7,0.186,48.6,2.62,58.6,1482.0,43
31.2,29.9,23.1,0.089,56.4,2.22,27.0,952.0,19
18.2,36.9,10.5,0.015,61.4,1.04,19.2,740.0,1
98.6,77.7,26.3,0.304,36.3,3.04,104.8,1514.0,78
0.7,45.8,16.5,0.095,87.7,1.1,23.4,1092.0,16
19.1,36.1,9.4,0.044,67.4,0.56,20.2,879.0,9
32.2,49.3,15.7,0.181,73.7,1.83,5.0,629.0,11
156.9,82.2,38.2,0.833,16.4,5.26,358.0,2131.0,79
180.9,98.0,38.7,0.755,28.4,4.96,338.6,3874.0,76
8.3,31.6,7.3,0.19,68.6,1.01,22.1,806.0,19
5.7,25.9,16.6,0.186,73.0,2.32,22.5,1141.0,2
61.5,47.3,28.9,0.121,53.9,3.11,101.7,1236.0,26
53.1,42.1,28.0,0.005,44.7,2.48,69.0,971.0,36
56.7,69.0,20.4,0.323,48.8,2.47,69.2,1450.0,33
29.1,18.0,22.6,0.049,68.6,1.72,22.7,229.0,7
37.7,47.8,20.6,0.238,60.8,2.61,76.5,748.0,33
57.9,60.7,27.9,0.196,57.8,1.69,49.9,1399.0,39
43.7,55.9,23.5,0.298,41.6,2.91,54.4,827.0,26
102.0,83.8,38.8,0.196,42.2,2.69,150.8,2092.0,68
29.1,25.4,12.2,0.06,78.3,0.75,2.7,255.0,6
26.3,18.6,5.2,0.057,69.1,1.18,57.9,452.0,11
14.0,17.6,17.6,0.011,56.0,1.63,18.2,1194.0,6
21.2,42.7,9.5,0.105,68.0,1.39,51.6,1190.0,13
21.3,40.9,24.0,0.042,58.4,1.82,9.4,374.0,0
167.6,89.9,37.3,0.462,26.2,5.11,263.5,3218.0,88
60.2,45.9,17.3,0.09,35.2,2.03,42.8,578.0,38
19.9,25.1,7.5,0.138,78.0,2.39,30.0,694.0,6
164.8,84.4,36.3,0.364,33.9,5.51,293.8,3877.0,100
20.2,41.7,8.5,0.104,67.7,1.06,59.8,636.0,11
40.4,49.6,17.1,0.064,44.4,2.49,89.6,1021.0,52
113.2,83.0,32.9,0.841,30.9,5.47,150.3,3673.0,90
177.8,90.5,42.5,0.609,6.5,3.8,182.8,2220.0,99
246.0,90.2,36.0,0.411,21.5,4.66,173.3,3981.0,80
22.7,20.4,23.7,0.058,78.2,1.33,28.9,672.0,17
128.6,90.0,48.7,0.396,7.1,5.32,363.6,2350.0,100
50.2,78.2,41.7,0.39,39.8,4.16,133.6,1623.0,63
13.2,47.6,22.4,0.196,59.6,1.27,51.4,611.0,12
28.4,28.5,18.3,0.164,89.2,1.49,2.2,702.0,18
30.6,30.4,15.5,0.091,78.9,1.32,39.3,354.0,14
98.5,76.2,42.0,0.526,45.8,2.95,118.0,2022.0,76
1.3,17.4,17.6,0.184,89.9,1.99,26.0,298.0,16
54.7,67.1,15.9,0.318,40.3,2.25,43.1,1191.0,48
5.9,17.8,22.4,0.124,59.6,2.33,8.6,661.0,10
50.7,80.1,43.0,0.439,24.7,3.1,121.5,1799.0,71
16.0,25.6,25.0,0.171,54.3,1.26,21.5,496.0,21
224.5,85.9,30.2,0.906,28.3,5.92,377.7,3363.0,82
12.3,37.3,17.4,0.136,78.8,1.82,50.3,828.0,25
218.3,78.7,39.1,0.392,32.3,3.98,253.9,2002.0,100
12.8,32.6,10.5,0.033,86.6,2.39,58.0,495.0,6
23.8,62.6,19.5,0.271,53.6,2.29,106.1,1225.0,28
180.5,87.1,46.8,0.771,22.5,5.47,385.1,1771.0,84
232.6,89.2,52.9,0.455,6.9,5.47,377.3,2255.0,84
241.9,84.1,42.3,0.368,31.6,3.41,263.4,3176.0,100
57.1,44.6,23.3,0.04,47.1,2.32,115.6,543.0,34
67.5,65.7,17.0,0.274,49.1,3.46,62.3,1018.0,27
28.8,18.2,9.2,0.128,88.8,0.6,20.0,1189.0,16
214.8,82.1,35.4,0.909,14.9,3.44,375.1,1507.0,76
59.9,43.3,32.3,0.053,42.5,3.08,83.0,521.0,28
163.1,80.3,31.6,0.614,15.9,4.78,263.0,2054.0,89
31.8,38.1,11.0,0.129,51.2,2.5,50.8,626.0,5
15.5,46.5,11.4,0.03,55.0,1.75,35.1,912.0,16
42.7,58.2,17.0,0.281,59.8,2.8,99.2,1437.0,32
31.4,50.2,24.1,0.166,33.3,2.35,89.9,987.0,34
2.3,44.1,6.9,0.019,79.6,2.12,33.4,786.0,20
58.6,68.8,38.3,0.475,46.0,3.8,196.2,1821.0,57
30.6,59.7,19.5,0.043,59.6,2.24,98.6,1246.0,41
28.6,36.5,17.9,0.005,87.2,2.16,16.0,380.0,21
12.3,21.3,7.9,0.131,52.8,1.98,58.3,292.0,14
42.7,44.7,21.2,0.13,62.9,2.69,109.5,702.0,53
112.2,86.9,40.6,0.725,17.4,3.65,278.1,2363.0,77
20.8,33.4,11.2,0.044,89.4,0.61,12.3,1145.0,21
10.1,19.2,14.9,0.086,55.2,1.57,13.8,759.0,21
229.3,78.8,30.5,0.945,30.9,4.73,293.3,3274.0,87
103.1,84.5,50.0,0.733,30.0,5.76,172.0,3611.0,83
46.2,51.9,21.2,0.136,41.7,1.84,75.9,648.0,39
12.2,40.5,21.4,0.163,59.5,0.79,11.8,802.0,29
242.7,90.6,41.6,0.695,22.4,5.04,370.5,3107.0,94
22.0,20.3,6.4,0.088,62.1,1.05,3.4,707.0,11
22.8,65.0,16.5,0.346,59.9,2.73,75.6,1102.0,37
60.5,59.6,21.4,0.19,35.3,1.62,39.3,1669.0,31
28.6,47.4,23.8,0.176,48.3,1.82,63.6,868.0,38
1.8,37.1,11.7,0.066,72.3,1.27,15.1,1052.0,16
90.8,63.5,32.0,0.584,41.0,2.98,151.4,2395.0,62
59.6,64.4,28.4,0.332,55.9,2.87,77.4,1340.0,41
38.1,45.4,19.3,0.379,47.0,1.95,42.4,600.0,31
29.2,45.9,5.8,0.067,80.7,0.76,22.6,362.0,26
5.8,30.3,13.2,0.135,59.5,1.39,17.1,949.0,12
35.5,64.3,24.4,0.334,42.9,3.39,118.6,1100.0,35
40.9,44.9,19.0,0.242,60.6,1.6,73.3,983.0,31
10.0,41.7,10.5,0.181,55.9,1.37,56.8,422.0,14
14.5,28.9,12.5,0.077,53.3,0.95,19.1,299.0,27
60.2,61.0,43.3,0.336,44.9,3.9,136.3,1846.0,47
108.4,73.7,39.5,0.364,23.3,2.72,116.1,881.0,68
16.0,18.9,23.1,0.119,50.7,1.53,14.5,344.0,8
8.4,29.6,18.3,0.017,89.0,0.64,31.6,707.0,19
231.0,78.9,39.7,0.561,27.4,4.07,166.9,2103.0,100
187.3,93.1,33.3,0.547,15.2,4.93,357.6,3212.0,99
28.4,17.2,20.5,0.092,61.7,0.59,12.0,242.0,12
60.8,54.2,15.7,0.259,40.0,3.22,34.3,1352.0,29
15.3,29.0,13.8,0.191,63.6,0.87,41.5,567.0,15
25.4,17.8,17.0,0.164,71.8,1.14,4.8,861.0,11
14.9,39.1,12.0,0.008,84.8,1.21,59.9,475.0,0
14.2,33.0,20.0,0.032,51.2,2.2,40.7,638.0,0
95.2,69.1,44.0,0.116,24.6,3.12,124.5,1555.0,56
155.0,84.3,37.0,0.972,5.8,3.56,279.4,3784.0,77
24.6,22.5,17.2,0.139,89.9,0.9,8.1,274.0,7
28.4,48.9,24.7,0.134,78.4,1.6,17.4,500.0,10
75.3,65.6,44.7,0.496,27.1,3.24,123.3,1773.0,67
232.6,79.3,40.0,0.802,19.4,4.23,252.4,2937.0,79
15.7,38.8,11.9,0.176,81.2,1.78,10.9,1166.0,16
1.9,19.3,8.1,0.033,62.9,1.92,20.8,1141.0,5
94.5,73.8,27.5,0.251,36.0,3.26,100.2,2401.0,51
25.2,36.2,21.9,0.113,83.0,0.56,2.7,841.0,17
26.8,29.6,17.8,0.1,75.1,1.08,57.4,683.0,22
55.1,61.5,33.8,0.342,26.1,3.52,117.5,2021.0,73
4.6,28.0,16.2,0.064,68.7,1.03,14.9,297.0,10
14.6,48.7,23.0,0.163,87.4,1.94,11.4,359.0,18
35.4,40.7,33.9,0.202,63.8,1.93,61.8,566.0,44
22.9,31.5,15.7,0.169,67.2,2.26,43.7,964.0,6
48.5,45.8,26.1,0.029,47.6,3.03,55.2,1786.0,50
246.3,85.9,49.9,0.537,33.2,5.26,199.8,2773.0,86
120.6,84.7,41.8,0.62,23.2,4.55,232.0,3033.0,81
25.9,25.5,11.7,0.166,71.3,1.92,18.0,1016.0,11
34.3,35.4,20.9,0.145,77.5,0.55,28.5,1167.0,28
56.1,57.5,18.4,0.252,51.7,3.18,43.3,1385.0,30
3.8,15.7,11.3,0.03,77.6,1.32,46.5,1121.0,18
18.2,34.6,25.0,0.096,65.1,2.41,27.6,733.0,17
30.4,38.8,21.1,0.053,69.4,2.41,16.7,498.0,8
24.2,32.1,14.6,0.112,87.4,1.94,17.3,773.0,18
13.8,27.1,20.5,0.029,51.7,2.41,4.7,1124.0,19
7.5,44.0,10.4,0.112,60.9,0.72,44.5,439.0,6
7.9,23.1,7.0,0.066,68.9,1.86,8.2,1165.0,6
30.8,31.6,18.0,0.151,61.5,1.07,3.5,969.0,24
101.7,81.3,25.7,0.561,32.5,4.09,192.1,862.0,64
102.4,81.8,30.8,0.119,29.0,3.51,191.4,1370.0,69
44.7,68.2,32.0,0.187,36.7,1.73,44.6,1097.0,30
150.6,83.9,46.9,0.435,23.3,4.92,251.4,2569.0,81
24.8,69.5,24.5,0.374,30.2,2.27,70.2,847.0,34
48.6,47.8,22.2,0.095,53.4,2.43,44.4,1392.0,46
22.4,47.9,12.4,0.044,88.3,1.46,27.3,1189.0,12
31.9,41.5,21.0,0.165,80.5,1.86,35.7,987.0,18
38.1,67.5,17.2,0.332,61.6,1.9,78.3,714.0,43
130.8,89.7,32.3,0.657,29.3,4.36,278.3,2642.0,79
60.3,61.7,22.9,0.327,56.1,2.66,34.1,948.0,30
32.7,17.4,23.7,0.006,66.4,2.04,45.9,1178.0,21
64.6,53.5,33.3,0.151,32.8,3.43,108.7,673.0,32
87.6,73.2,39.6,0.211,20.1,2.06,115.8,1945.0,68
61.2,47.4,21.9,0.11,62.8,2.95,40.2,1552.0,42
30.9,15.5,9.1,0.02,51.3,1.7,42.2,249.0,18
31.7,46.5,32.3,0.023,47.6,2.08,103.4,1451.0,39
53.6,49.6,21.0,0.057,53.1,1.94,57.0,579.0,40
15.0,32.3,24.4,0.188,76.9,2.07,19.1,616.0,3
57.7,54.2,32.0,0.12,54.8,3.11,112.3,1231.0,41
39.4,47.6,21.6,0.032,45.7,2.24,78.2,1578.0,25
50.2,41.2,16.5,0.322,50.6,2.84,49.5,772.0,34
0.5,47.8,24.2,0.023,90.0,1.46,14.6,804.0,7
19.3,42.1,12.6,0.107,64.4,1.02,30.8,697.0,5
11.2,22.1,11.3,0.009,84.6,1.98,1.0,753.0,22
10.3,21.9,9.6,0.114,59.8,1.6,56.6,538.0,26
22.5,32.2,8.4,0.159,56.8,1.94,29.3,1117.0,22
18.3,44.4,6.5,0.164,51.9,0.51,8.2,831.0,0
175.9,85.5,45.4,0.767,23.5,4.45,272.0,1517.0,93
179.4,83.5,54.4,0.312,29.4,5.02,351.5,3774.0,74
32.0,58.6,20.0,0.142,57.8,1.66,116.3,1097.0,30
108.0,62.0,44.8,0.425,21.0,3.01,125.3,1609.0,65
2.9,44.6,17.9,0.066,89.1,2.45,53.7,1119.0,5
24.2,34.8,10.4,0.185,77.4,1.06,32.6,858.0,5
131.1,80.9,50.5,0.875,32.9,3.9,291.0,2917.0,92
11.6,41.4,7.8,0.198,79.0,1.5,58.5,254.0,11
11.9,41.9,24.1,0.079,80.9,0.56,16.4,1193.0,13
67.1,53.0,28.6,0.264,33.0,2.74,101.8,1427.0,26
99.8,75.8,39.8,0.258,23.2,2.01,117.0,1412.0,54
128.1,87.0,43.9,0.586,5.8,4.06,173.3,2995.0,86
162.1,93.6,48.1,0.692,34.8,3.73,280.3,3213.0,77
68.8,63.6,28.3,0.238,29.0,3.96,123.3,2405.0,78
50.8,53.7,17.7,0.003,43.8,3.18,64.2,1621.0,39
61.2,59.5,26.9,0.12,51.1,2.89,73.1,731.0,37
98.6,72.3,36.5,0.221,31.3,4.04,127.2,994.0,66
47.3,60.5,26.0,0.381,46.2,2.92,69.5,879.0,43
27.8,29.3,15.0,0.127,59.7,1.82,42.9,989.0,4
16.8,29.0,15.1,0.184,77.7,1.59,47.4,560.0,21
3.0,41.9,18.2,0.071,75.9,0.59,59.0,877.0,12
15.1,15.4,10.2,0.102,70.8,1.66,34.5,646.0,14
20.6,32.5,11.9,0.005,54.2,1.33,57.7,316.0,20
74.0,79.6,35.4,0.274,22.9,3.8,134.3,914.0,47
151.5,80.2,50.0,0.951,27.2,4.55,288.0,2327.0,90
78.4,64.6,37.8,0.316,20.9,3.54,103.7,1807.0,57
7.2,41.3,21.2,0.013,54.1,2.24,11.2,526.0,10
110.4,73.2,37.8,0.398,38.3,3.47,121.8,2237.0,66
24.7,25.4,17.3,0.017,55.4,0.74,18.3,383.0,19
40.9,44.1,22.7,0.074,52.2,2.89,88.1,1800.0,39
27.0,49.4,24.0,0.021,42.6,1.52,42.3,1560.0,45
14.3,32.2,19.2,0.089,56.7,1.63,47.8,421.0,0
70.2,79.5,36.3,0.486,34.9,3.28,148.7,1255.0,67
57.8,62.8,23.8,0.087,44.9,2.97,88.8,822.0,28
110.4,62.2,42.3,0.159,44.4,2.52,168.5,1972.0,76
5.8,19.9,9.1,0.041,52.4,1.2,16.9,739.0,9
68.7,81.5,44.7,0.44,22.9,4.41,174.3,2362.0,63
229.9,83.0,47.8,0.88,27.8,5.03,272.4,2944.0,88
42.6,59.0,32.6,0.037,48.0,2.06,114.3,980.0,40
63.4,65.4,16.9,0.389,52.2,2.89,106.5,1534.0,35
28.9,32.3,11.5,0.057,71.9,0.76,51.1,988.0,16
193.9,94.7,30.4,0.951,9.7,4.37,398.0,2569.0,94
10.6,45.6,22.5,0.019,64.4,0.66,39.9,849.0,2
25.4,41.4,13.6,0.018,53.8,0.93,4.7,794.0,21
20.4,50.3,17.4,0.344,54.3,2.46,50.6,616.0,24
111.7,63.4,40.5,0.477,24.0,4.48,97.1,1702.0,54
15.4,40.3,17.6,0.03,66.5,1.87,51.6,287.0,0
20.6,28.4,24.3,0.063,55.6,1.05,5.1,753.0,23
115.9,60.7,41.9,0.538,26.2,3.52,102.6,1466.0,65
27.8,23.4,12.7,0.048,75.5,0.64,53.3,212.0,11
229.1,89.4,39.1,0.778,27.9,5.86,342.6,1542.0,72
52.8,61.5,40.8,0.353,38.9,3.25,129.9,1993.0,57
50.8,48.3,21.2,0.205,37.1,3.12,78.3,1008.0,50
2.3,39.5,19.6,0.169,52.3,0.67,26.1,653.0,14
101.9,78.5,27.4,0.454,41.0,2.41,194.4,1689.0,72
58.9,79.5,30.4,0.543,43.1,2.07,176.9,1262.0,51
20.2,17.7,14.1,0.072,70.0,1.63,22.1,455.0,7
4.0,40.9,5.1,0.172,50.5,0.59,21.8,1120.0,0
65.7,62.2,23.4,0.129,44.6,2.94,54.4,601.0,32
65.1,45.4,31.1,0.393,63.4,1.64,71.9,867.0,34
168.5,85.4,37.3,0.849,27.2,3.73,242.1,3930.0,97
19.1,42.9,8.0,0.186,51.0,1.58,38.2,893.0,0
198.6,95.0,48.2,0.373,20.9,3.71,273.0,1650.0,78
238.2,95.9,43.0,0.791,16.2,5.92,171.2,1739.0,84
2.6,34.9,13.7,0.193,59.5,1.02,18.9,1001.0,22
69.0,61.9,29.1,0.49,37.5,2.39,99.7,1592.0,59
68.2,46.2,21.2,0.106,34.2,1.82,91.7,1574.0,51
225.4,84.6,32.3,0.474,15.7,4.54,319.3,2150.0,75
29.9,34.5,16.0,0.019,54.1,2.09,7.3,262.0,22
223.6,85.4,45.8,0.751,22.5,3.78,353.2,1555.0,75
15.5,19.5,23.1,0.166,63.3,0.59,27.7,368.0,19
13.8,16.0,18.7,0.035,58.6,0.87,16.8,1083.0,5
8.6,25.3,13.2,0.11,52.4,1.06,8.2,399.0,14
28.1,42.8,24.8,0.156,64.4,1.59,29.1,1113.0,16
29.0,49.6,19.4,0.358,57.2,1.62,119.2,1188.0,53
34.1,18.5,18.1,0.053,82.7,2.33,3.4,1196.0,11
27.9,27.4,21.8,0.169,57.0,1.69,48.4,898.0,13
12.3,34.9,7.8,0.19,83.5,2.12,58.2,742.0,7
108.4,90.0,30.5,0.635,15.0,4.84,351.6,2352.0,80
122.2,92.1,33.5,0.378,20.8,4.09,168.1,3261.0,97
36.8,49.7,34.5,0.293,45.3,2.78,73.8,912.0,50
32.5,42.5,9.5,0.118,57.0,1.11,41.3,327.0,18
33.2,28.7,24.9,0.193,51.3,1.7,55.3,1168.0,12
66.8,44.2,29.9,0.095,64.4,1.84,109.7,615.0,52
31.0,30.6,10.3,0.05,52.7,1.01,6.5,201.0,14
33.9,46.0,14.9,0.076,71.8,0.7,28.8,1064.0,25
81.6,80.0,25.7,0.11,27.8,2.26,121.0,2309.0,51
64.9,42.8,26.9,0.245,46.9,1.56,114.8,714.0,35
149.7,97.5,40.2,0.688,32.8,4.62,315.1,2244.0,73
47.5,54.7,16.1,0.002,33.1,3.15,86.3,1124.0,23
94.7,84.4,34.5,0.158,43.5,3.18,187.4,1251.0,73
38.6,51.4,18.7,0.018,45.4,2.03,105.3,1234.0,34
200.2,94.2,40.3,0.83,11.8,3.18,246.8,2806.0,97
16.6,45.9,14.5,0.016,86.1,1.93,30.1,1100.0,23
5.2,48.2,14.0,0.19,56.7,0.92,11.6,243.0,7
69.9,58.8,31.7,0.103,61.9,3.33,36.0,1005.0,40
69.3,71.5,42.5,0.493,38.7,3.31,130.4,1505.0,58
57.9,68.2,33.5,0.225,33.5,2.07,78.2,947.0,37
44.3,58.3,15.7,0.11,35.0,2.72,92.4,550.0,33
171.3,83.4,39.3,0.537,28.8,3.93,360.7,3646.0,92
8.0,25.5,19.9,0.155,62.8,1.96,36.3,289.0,12
14.3,32.0,15.3,0.075,52.2,2.08,3.9,910.0,9
18.4,34.9,8.5,0.175,58.0,0.62,2.0,251.0,9
107.6,72.6,37.7,0.162,20.9,2.93,151.3,1102.0,69
37.2,65.1,20.2,0.332,33.2,1.55,34.5,1610.0,47
22.7,38.7,10.4,0.082,50.8,2.06,46.1,209.0,9
106.1,65.6,37.2,0.572,41.4,3.77,113.0,2322.0,63
82.7,76.9,41.5,0.299,23.1,3.28,159.5,2234.0,64
21.3,25.4,7.2,0.013,89.5,1.78,51.7,461.0,27
60.5,79.1,43.0,0.503,44.1,3.5,159.3,1957.0,68
34.9,24.1,13.4,0.078,51.4,1.92,34.3,390.0,21
22.3,31.7,23.8,0.072,62.0,0.84,39.5,758.0,5
57.0,61.8,26.2,0.365,63.1,3.3,88.9,789.0,31
64.3,51.2,26.7,0.186,34.1,1.61,87.1,1254.0,40
29.7,43.6,28.6,0.212,44.5,3.24,43.6,1790.0,36
31.2,49.5,7.9,0.172,57.2,0.66,20.0,1187.0,15
167.8,82.2,49.3,0.703,9.8,5.36,344.9,1824.0,93
41.5,54.3,15.1,0.214,55.6,3.4,110.3,1484.0,39
100.6,92.7,35.7,0.914,14.4,3.31,275.8,2265.0,72
70.4,78.2,36.9,0.269,46.6,4.49,121.1,2332.0,59
113.5,80.3,25.4,0.212,49.5,2.53,82.6,1658.0,53
27.7,28.1,17.8,0.154,74.9,1.69,2.9,308.0,0
14.6,28.3,15.9,0.095,56.1,1.89,37.8,501.0,17
9.4,36.2,7.7,0.166,54.2,1.94,7.1,314.0,5
64.0,66.6,35.5,0.201,41.1,2.74,84.7,1644.0,58
50.2,76.8,43.1,0.518,40.1,2.37,90.8,1670.0,69
22.6,31.0,24.5,0.053,52.0,2.13,52.4,1052.0,16
101.7,62.4,40.2,0.123,45.6,3.66,100.5,1408.0,68
101.3,69.3,31.9,0.157,32.0,3.14,180.3,1973.0,66
27.9,19.0,18.9,0.012,87.7,0.82,25.0,791.0,23
50.6,63.4,27.2,0.345,60.8,2.95,110.3,1128.0,36
15.4,17.2,18.1,0.002,84.7,1.55,44.6,924.0,12
18.2,39.1,17.4,0.087,79.1,1.46,39.8,841.0,7
21.5,15.4,23.7,0.101,68.8,1.49,9.9,951.0,8
69.5,72.7,36.0,0.289,44.5,2.2,133.3,1774.0,54
25.9,54.9,28.1,0.041,44.4,2.61,30.0,618.0,48
31.2,34.7,18.1,0.091,63.6,2.15,49.0,1044.0,13
21.0,40.1,12.3,0.091,53.9,1.82,0.1,555.0,19
38.7,43.2,32.9,0.197,58.8,2.99,66.8,831.0,29
227.8,82.3,50.6,0.433,15.1,5.27,161.6,3083.0,100
233.8,87.1,44.7,0.653,33.9,3.01,334.1,2883.0,92
45.4,67.6,18.5,0.231,55.6,1.76,64.9,1281.0,38
14.7,36.3,18.9,0.05,65.9,1.19,17.7,1005.0,5
31.0,32.9,21.9,0.11,62.6,1.97,33.2,417.0,10
24.0,47.2,7.7,0.142,89.0,0.86,32.5,837.0,18
19.7,35.4,23.9,0.142,77.0,2.29,32.0,1077.0,8
21.3,44.4,28.4,0.08,56.3,1.82,55.8,826.0,25
87.9,69.0,34.1,0.408,40.3,3.4,106.9,1900.0,60
59.8,60.9,28.9,0.019,43.4,2.33,100.9,1391.0,37
137.7,90.4,49.5,0.909,29.9,5.73,326.2,3119.0,100
50.2,63.3,34.3,0.118,36.2,2.87,46.8,726.0,37
41.4,56.7,17.6,0.234,38.9,2.16,93.9,701.0,29
58.7,58.8,31.9,0.12,57.6,2.6,36.6,1420.0,39
18.2,42.5,8.2,0.109,66.1,1.2,53.0,863.0,10
116.5,75.5,34.5,0.381,42.6,3.62,93.8,1388.0,62
21.7,48.6,18.7,0.064,86.6,2.39,23.2,740.0,4
28.8,28.1,21.1,0.089,51.8,2.3,11.6,714.0,0
27.1,33.7,17.5,0.042,75.2,0.93,41.1,1036.0,9
30.8,40.9,13.7,0.163,52.9,1.87,1.4,917.0,0
126.7,83.0,31.8,0.875,32.3,4.22,262.8,2511.0,80
25.9,40.2,29.4,0.025,56.1,1.59,106.3,965.0,37
98.0,75.2,30.6,0.563,31.4,4.06,83.7,1066.0,54
27.9,44.7,10.9,0.127,61.9,2.27,57.9,1067.0,20
0.4,45.6,7.8,0.008,72.9,1.29,32.9,285.0,6
113.4,81.3,27.8,0.192,38.5,2.63,93.8,1941.0,63
32.6,49.8,14.2,0.11,61.6,0.63,5.9,926.0,15
53.6,47.0,20.7,0.028,36.8,2.47,59.6,1357.0,51
89.7,80.2,44.2,0.184,29.4,3.96,165.5,1889.0,58
209.9,95.6,41.6,0.551,14.2,4.66,193.9,3017.0,80
6.9,40.7,17.5,0.145,85.7,2.2,37.9,1013.0,19
7.4,16.3,10.2,0.179,71.6,1.81,8.9,592.0,28
10.2,31.3,15.2,0.079,70.1,1.83,50.9,1007.0,24
86.0,71.2,28.6,0.574,39.8,4.42,168.3,1622.0,56
84.1,61.6,32.4,0.121,26.2,4.27,123.4,1598.0,59
197.3,80.1,54.2,0.743,13.2,5.23,294.7,2925.0,92
49.4,66.9,16.6,0.101,64.0,1.95,66.5,1562.0,38
31.1,15.2,22.6,0.088,59.2,1.53,16.8,350.0,5
28.6,38.1,13.3,0.066,54.5,1.85,28.7,791.0,21
106.5,89.5,34.0,0.741,6.2,4.72,164.0,2146.0,83
21.0,34.7,5.4,0.144,76.5,1.07,5.1,649.0,17
108.1,75.0,40.9,0.51,25.5,3.65,111.7,2031.0,62
23.4,51.3,17.6,0.007,48.3,3.32,91.6,1574.0,40
113.1,75.0,42.6,0.366,42.6,2.23,159.1,2333.0,62
27.1,37.7,15.4,0.074,51.7,1.56,13.8,1002.0,25
60.2,67.2,31.7,0.23,44.9,2.01,98.9,1683.0,26
47.2,47.7,15.1,0.297,30.2,2.55,76.8,988.0,31
25.3,52.8,26.7,0.105,48.8,2.63,85.1,1789.0,35
59.2,54.5,22.4,0.222,38.9,2.11,61.0,1417.0,45
23.1,41.2,13.9,0.14,56.5,0.93,24.0,538.0,21
24.7,20.6,24.3,0.001,53.6,0.79,55.6,635.0,1
55.6,60.9,32.7,0.592,38.4,3.3,165.4,1816.0,71
15.4,22.1,18.1,0.161,61.4,0.57,36.0,716.0,11
52.5,66.0,25.0,0.179,49.9,3.95,122.4,1472.0,66
56.8,42.1,16.8,0.114,59.0,3.33,61.3,1752.0,31
6.8,47.5,16.5,0.052,66.3,0.71,4.3,494.0,6
30.7,43.5,16.5,0.139,88.6,1.63,46.2,957.0,26
31.4,45.2,14.6,0.052,65.3,2.08,13.2,901.0,11
18.1,15.3,21.6,0.05,53.7,1.85,49.3,276.0,7
65.3,74.3,28.7,0.473,47.9,2.48,168.5,1199.0,56
64.2,66.2,37.4,0.178,23.2,4.3,161.1,1928.0,64
19.0,16.5,14.6,0.124,69.7,2.47,53.8,1069.0,12
32.1,24.8,9.4,0.115,52.2,2.1,28.7,741.0,16
54.3,45.2,34.5,0.279,46.1,2.88,31.1,774.0,39
92.9,66.5,36.0,0.219,34.1,3.53,123.9,1648.0,57
13.0,44.9,10.6,0.036,55.2,1.65,13.7,300.0,6
62.8,45.9,31.0,0.295,46.6,1.52,67.9,675.0,48
35.8,54.6,20.0,0.343,31.7,1.7,44.7,780.0,35
3.4,41.1,10.2,0.072,72.3,2.12,20.6,612.0,16
7.0,35.2,18.0,0.035,81.2,1.21,40.4,687.0,25
13.3,25.0,17.6,0.029,56.7,2.12,20.2,831.0,19
2.5,20.7,9.6,0.063,61.7,1.03,38.7,471.0,14
18.2,30.8,8.3,0.171,55.0,0.97,15.1,944.0,19
77.8,62.4,43.7,0.337,21.6,3.93,142.9,2493.0,52
3.0,47.6,12.8,0.046,79.5,1.39,7.6,727.0,0
153.5,96.3,51.6,0.627,31.1,5.8,287.1,1838.0,100
91.8,75.8,37.7,0.382,35.7,3.6,117.2,1390.0,65
15.5,27.8,10.2,0.061,50.0,2.13,50.9,544.0,18
238.3,96.9,41.9,0.306,17.9,3.88,207.8,1518.0,84
48.0,51.8,18.3,0.295,43.6,2.26,53.7,1049.0,35
31.8,43.3,18.7,0.057,79.7,2.12,24.8,1053.0,2
94.6,75.4,30.4,0.411,25.6,2.05,86.0,1709.0,51
58.8,71.0,25.2,0.145,20.4,2.54,130.4,2136.0,65
59.6,49.9,31.9,0.381,32.0,3.05,36.4,1111.0,30
29.0,19.3,20.4,0.05,80.8,1.39,44.3,234.0,10
69.1,54.2,28.6,0.125,41.3,2.76,33.8,1719.0,37
94.7,65.0,42.8,0.532,26.5,2.28,155.9,1352.0,54
39.8,47.3,34.4,0.232,54.2,2.88,43.9,1502.0,29
54.3,50.2,34.4,0.304,32.1,2.21,43.9,1197.0,25
35.8,56.8,27.9,0.139,61.2,2.97,31.9,991.0,45
52.8,77.7,36.2,0.371,34.7,3.42,145.2,1350.0,63
21.0,45.1,8.2,0.106,68.0,2.14,32.5,654.0,29
56.7,66.5,27.4,0.146,51.7,2.14,35.7,1757.0,35
44.9,56.5,27.3,0.129,52.4,1.72,77.1,587.0,26
7.1,32.0,7.0,0.114,83.5,1.82,31.5,901.0,3
50.3,42.1,33.6,0.083,47.2,3.28,37.2,1541.0,26
66.9,52.5,22.4,0.283,58.8,2.03,33.7,592.0,30
33.6,18.4,19.5,0.106,57.6,1.55,14.9,825.0,8
14.5,18.7,17.8,0.072,68.3,1.83,53.0,367.0,8
36.9,44.7,35.0,0.177,42.3,2.13,119.2,922.0,37
15.1,40.4,17.2,0.113,58.6,2.03,55.6,454.0,16
0.0,16.2,10.7,0.003,55.4,2.28,0.4,1184.0,6
223.3,91.8,36.9,0.688,21.7,5.78,188.7,1594.0,83
155.1,89.6,35.8,0.868,7.8,4.2,379.5,3336.0,98
6.1,43.9,18.8,0.115,86.3,1.69,18.0,931.0,19
108.4,93.4,38.7,0.872,17.5,5.6,367.4,2067.0,99
22.2,37.1,6.1,0.105,62.8,1.63,19.6,898.0,0
34.9,49.0,20.1,0.115,53.6,1.36,47.2,348.0,6
57.3,56.4,20.3,0.159,45.2,2.9,98.6,1125.0,33
48.6,56.8,34.9,0.21,38.5,2.03,68.7,1390.0,39
162.0,85.3,34.8,0.541,24.7,5.31,192.3,2374.0,100
15.4,47.3,9.7,0.137,56.2,1.96,5.1,940.0,11
30.4,43.7,5.3,0.139,54.5,1.4,1.4,409.0,15
86.6,66.5,34.7,0.465,24.2,3.75,82.2,1791.0,74
125.5,83.7,49.7,0.733,6.6,4.96,152.1,2472.0,88
23.1,45.2,5.4,0.173,76.0,0.96,22.8,1177.0,3
49.9,42.6,19.0,0.387,49.6,2.92,33.6,1699.0,34
57.2,40.6,28.7,0.142,40.6,3.49,118.1,859.0,31
77.1,85.0,44.8,0.572,48.5,2.56,121.0,1468.0,50
18.2,38.7,22.5,0.137,66.7,1.65,25.6,512.0,19
26.6,59.6,26.6,0.274,37.1,1.78,92.0,1668.0,30
34.2,20.1,23.7,0.183,62.7,1.61,56.9,318.0,7
26.8,45.8,13.3,0.082,67.7,2.37,53.6,1133.0,5
3.7,21.5,20.2,0.122,60.7,1.63,13.9,432.0,16
54.4,54.3,25.0,0.242,54.9,2.25,106.7,1139.0,26
52.3,79.1,25.3,0.235,32.4,3.86,198.6,2088.0,49
34.5,45.3,14.8,0.065,68.3,0.99,24.3,242.0,24
13.8,47.9,16.4,0.107,75.7,1.91,2.3,309.0,9
8.6,33.8,24.7,0.008,65.5,2.03,57.8,390.0,15
27.1,25.0,8.3,0.059,86.8,1.88,54.2,664.0,22
175.1,81.6,44.6,0.926,21.4,4.18,230.9,1562.0,93
31.4,45.9,6.8,0.065,75.9,1.92,9.8,933.0,0
22.2,18.0,19.1,0.145,89.0,1.72,9.6,750.0,0
19.8,38.1,8.0,0.174,57.2,1.92,25.2,510.0,26
62.6,82.5,44.2,0.102,43.0,2.03,139.7,1648.0,54
8.3,35.6,14.5,0.082,53.2,1.7,14.7,747.0,24
61.3,41.5,18.0,0.261,31.3,3.21,90.0,1589.0,34
1.7,29.6,8.6,0.134,74.4,1.88,35.7,987.0,7
12.6,16.3,20.4,0.065,85.9,2.14,45.5,1043.0,1
26.1,65.8,21.6,0.166,37.3,1.92,35.2,1243.0,48
16.9,39.1,23.7,0.197,61.5,1.72,19.0,725.0,19
21.5,32.4,19.6,0.1,82.3,2.27,14.0,490.0,1
169.7,93.9,48.4,0.445,23.5,4.24,161.4,2374.0,100
94.8,77.3,30.1,0.134,29.0,3.37,172.0,994.0,60
48.4,68.8,31.6,0.078,59.2,3.34,73.1,1117.0,31
123.3,87.2,51.6,0.927,18.9,5.44,381.9,1640.0,90
53.9,56.7,15.4,0.231,41.6,3.33,101.6,586.0,28
11.9,28.1,15.7,0.033,74.2,0.87,7.0,982.0,9
9.5,18.0,22.5,0.074,83.2,1.11,31.5,375.0,6
32.0,30.5,5.5,0.097,70.0,0.88,55.4,932.0,15
5.0,45.5,21.4,0.188,77.1,0.77,43.5,659.0,25
146.6,78.9,51.2,0.91,15.0,5.67,175.8,3415.0,97
213.8,90.8,35.2,0.44,13.6,4.6,343.2,3178.0,80
58.0,84.0,36.2,0.151,36.3,3.37,112.5,2404.0,63
55.0,75.3,31.8,0.322,23.9,3.18,161.1,980.0,47
28.9,57.9,26.9,0.334,54.5,2.73,58.1,1563.0,52
2.7,47.3,20.3,0.114,53.7,2.1,41.9,297.0,14
26.8,31.5,23.9,0.029,85.8,1.02,21.8,383.0,21
30.9,30.9,5.6,0.095,64.1,1.42,10.2,968.0,23
115.4,94.4,49.9,0.528,24.5,5.38,283.2,2502.0,86
19.2,49.1,12.7,0.068,82.6,1.68,47.1,635.0,13
6.1,38.4,19.8,0.142,83.5,0.73,35.8,525.0,5
116.9,61.7,27.2,0.507,43.1,2.95,139.3,1922.0,50
31.1,46.6,17.7,0.0,55.9,0.8,31.9,590.0,20
97.7,67.9,36.4,0.557,29.1,4.36,132.2,2470.0,57
50.6,55.3,32.0,0.341,32.2,3.3,117.1,501.0,42
142.3,78.6,40.8,0.713,23.8,5.14,251.5,2588.0,86
59.7,73.9,41.9,0.28,32.5,2.72,184.7,1013.0,46
5.0,46.0,18.2,0.195,55.4,0.77,48.4,1060.0,26
21.8,30.9,13.5,0.164,65.4,0.95,25.5,207.0,13
9.4,47.4,16.5,0.007,51.5,1.47,22.1,780.0,18
209.7,97.7,54.6,0.845,18.9,3.23,372.5,1721.0,95
33.6,17.7,17.7,0.16,62.5,0.61,20.6,979.0,17
43.5,62.0,23.4,0.384,57.9,2.08,33.2,1700.0,47
19.7,17.1,14.5,0.034,52.1,2.48,48.5,824.0,11
175.8,95.0,36.9,0.393,13.4,5.57,153.6,1779.0,84
23.1,27.9,8.5,0.157,59.4,0.86,31.6,233.0,0
61.1,65.1,30.1,0.165,43.4,2.82,95.3,717.0,43
139.7,94.4,31.3,0.625,19.3,4.43,387.1,3806.0,83
13.7,24.2,15.6,0.087,61.6,2.09,22.9,516.0,21
3.4,33.6,12.1,0.169,74.4,1.8,16.4,470.0,2
13.7,42.1,20.0,0.147,73.5,0.89,20.2,890.0,5
53.6,65.0,15.2,0.039,33.6,2.39,49.7,868.0,26
113.8,96.8,46.4,0.885,33.5,4.91,327.0,1800.0,91
58.2,59.4,31.1,0.074,33.9,1.87,56.5,1359.0,32
69.8,63.1,28.8,0.267,57.0,2.01,100.3,860.0,27
69.8,47.7,31.3,0.071,32.4,3.46,48.1,1010.0,47
181.1,86.6,45.3,0.374,18.2,3.78,158.7,1676.0,97
0.7,32.4,18.1,0.0,51.5,1.28,9.1,530.0,16
206.1,93.4,42.0,0.583,26.8,5.44,167.5,2065.0,89
180.3,97.8,38.3,0.512,6.7,5.99,311.8,2413.0,81
26.6,25.1,9.1,0.111,88.7,1.82,17.9,590.0,8
17.0,46.0,13.8,0.038,51.4,0.55,59.8,438.0,8
22.5,32.5,24.3,0.162,88.7,0.53,20.4,538.0,18
30.6,59.6,25.5,0.376,60.5,2.57,96.7,803.0,22
17.1,15.7,23.1,0.124,59.7,1.8,0.9,833.0,5
28.5,57.7,31.4,0.043,47.4,3.1,49.9,1546.0,38
34.4,38.7,11.5,0.195,73.0,0.77,50.2,993.0,19
36.8,43.6,17.8,0.166,54.4,2.61,69.5,1703.0,23
227.1,90.2,49.4,0.311,19.6,3.02,194.9,1723.0,99
14.6,43.3,20.5,0.138,58.2,1.78,31.4,612.0,9
20.9,40.1,17.2,0.018,83.1,1.1,25.1,758.0,2
34.2,36.7,22.3,0.197,70.3,1.43,37.6,408.0,0
122.4,94.9,52.8,0.648,9.8,5.77,163.5,2410.0,82
93.2,82.3,34.1,0.152,21.6,3.34,99.0,849.0,62
135.3,86.9,44.5,0.593,27.4,5.7,207.5,1775.0,78
78.9,65.0,42.8,0.137,37.6,2.14,132.3,1167.0,71
76.1,71.4,28.9,0.279,28.1,2.84,83.9,1767.0,55
169.8,86.4,49.0,0.454,13.9,3.47,348.6,3882.0,84
29.9,18.0,22.1,0.098,89.8,1.68,50.2,479.0,24
8.6,26.5,16.6,0.178,73.7,0.8,34.4,205.0,0
25.7,32.6,13.5,0.079,82.4,1.89,5.9,695.0,5
24.3,29.2,9.4,0.072,59.6,2.5,1.0,869.0,7
26.2,15.9,14.1,0.154,85.0,1.31,47.4,570.0,19
194.1,85.7,47.3,0.672,13.9,5.26,324.5,3031.0,91
2.8,45.8,19.7,0.011,87.8,1.85,53.3,311.0,13
12.8,21.1,16.2,0.013,78.4,0.91,58.9,439.0,8
67.0,57.4,34.2,0.084,56.1,1.95,61.7,848.0,47
54.4,68.6,34.7,0.363,23.7,3.77,161.4,1706.0,61
28.0,48.1,21.2,0.188,52.6,2.28,27.5,280.0,4
2.7,20.8,7.2,0.03,56.0,0.91,57.1,223.0,18
26.6,50.4,23.9,0.258,40.2,1.63,108.5,802.0,46
90.5,76.4,40.7,0.343,40.0,3.33,145.8,1579.0,65
10.7,42.6,9.5,0.074,61.5,2.19,8.9,484.0,9
24.9,25.0,24.5,0.168,77.7,1.83,9.2,438.0,1
42.0,51.1,19.1,0.283,53.3,3.46,43.3,1083.0,33
114.4,70.1,35.0,0.173,33.7,2.8,80.5,2055.0,66
10.3,46.4,24.4,0.151,89.8,1.83,48.0,929.0,14
25.6,46.5,7.8,0.11,62.3,1.3,50.5,646.0,2
196.2,89.7,35.6,0.955,13.3,3.07,284.6,2614.0,92
13.8,32.2,17.1,0.102,52.2,1.83,23.9,916.0,13
20.6,50.3,21.2,0.178,49.6,1.93,109.9,1464.0,40
106.4,84.3,33.5,0.548,24.2,3.47,90.3,1153.0,68
2.3,48.6,20.1,0.018,66.4,2.33,24.9,756.0,26
4.8,21.5,12.6,0.111,51.7,2.15,50.1,504.0,19
105.4,63.9,31.0,0.42,39.1,2.31,159.9,1289.0,57
22.6,16.0,20.3,0.099,88.8,1.7,21.7,680.0,12
16.7,39.3,7.4,0.103,73.0,2.19,9.8,259.0,12
4.7,20.7,10.5,0.084,86.5,1.21,17.4,730.0,5
94.0,79.1,37.0,0.184,29.7,2.79,181.4,2160.0,63
12.7,33.7,12.0,0.029,55.5,1.06,46.7,612.0,1
85.2,80.8,40.9,0.379,40.7,4.38,181.5,2011.0,68
65.8,43.5,17.6,0.007,42.2,2.88,42.5,1075.0,47
12.0,39.8,5.6,0.163,58.9,2.21,8.5,427.0,2
111.8,91.8,49.6,0.354,28.2,5.27,160.6,1770.0,100
23.0,43.6,20.1,0.026,53.4,3.01,100.4,1696.0,35
6.5,27.3,6.8,0.169,87.7,2.4,20.9,361.0,20
89.9,62.5,36.6,0.107,26.5,2.48,113.8,2333.0,62
3.5,22.5,15.1,0.142,64.7,1.68,26.4,1158.0,5
14.8,33.0,13.2,0.152,62.6,1.43,31.2,696.0,10
22.0,49.8,17.3,0.113,51.0,2.12,117.9,1077.0,43
109.9,64.7,26.4,0.521,34.3,3.7,101.5,2498.0,70
165.7,91.2,32.1,0.4,17.0,4.77,175.4,3813.0,76
30.0,46.0,31.9,0.162,38.2,2.35,74.9,1494.0,53
57.8,64.0,33.9,0.142,53.3,3.4,118.9,1165.0,31
137.6,87.9,45.7,0.394,8.0,3.16,167.1,3195.0,81
11.4,25.6,17.5,0.152,76.4,1.54,29.5,666.0,14
45.2,56.3,31.2,0.216,30.6,3.03,119.2,1644.0,29
62.6,53.3,15.7,0.071,53.1,3.06,109.6,713.0,35
77.2,79.1,36.4,0.345,36.6,3.35,136.4,1756.0,58
139.5,89.8,39.4,0.774,28.0,3.85,165.4,2976.0,79
101.9,60.7,42.8,0.271,22.9,2.86,122.9,1397.0,69
95.4,74.8,43.2,0.133,29.1,2.84,82.4,1354.0,69
19.9,46.5,10.3,0.139,73.5,2.47,22.7,590.0,14
3.5,38.6,11.7,0.101,80.6,1.18,36.9,563.0,11
62.4,63.6,31.8,0.214,40.1,1.6,119.7,1023.0,36
3.2,44.5,6.9,0.067,52.7,2.1,28.5,410.0,7
17.7,25.5,18.3,0.063,66.6,1.0,30.9,872.0,14
22.0,33.1,8.7,0.1,76.4,2.15,56.3,468.0,23
29.8,46.7,23.7,0.145,52.4,0.9,27.7,440.0,28
29.5,29.4,22.2,0.182,75.4,2.19,16.0,487.0,4
8.3,23.3,8.0,0.006,81.9,1.12,29.1,1191.0,18
7.1,24.5,5.6,0.158,61.1,1.6,38.7,242.0,25
1.9,46.4,11.3,0.06,52.5,2.41,53.8,872.0,3
25.3,19.9,7.2,0.147,87.3,1.54,49.7,1150.0,15
24.5,58.0,30.5,0.125,59.1,2.97,102.5,1467.0,36
126.3,97.4,41.0,0.478,22.7,4.47,243.7,3872.0,88
54.1,68.9,32.6,0.375,42.7,2.93,103.9,527.0,39
23.2,47.9,18.8,0.158,59.6,1.61,18.6,1158.0,16
230.0,95.2,39.7,0.937,16.8,5.93,213.9,1726.0,97
110.2,64.0,33.8,0.259,44.4,3.61,174.7,1266.0,54
40.6,65.2,29.3,0.351,58.7,3.15,92.9,1158.0,37
28.5,40.8,14.1,0.005,52.1,1.78,37.8,991.0,0
51.4,49.4,16.6,0.063,48.1,3.44,104.8,1492.0,49
67.0,53.5,32.5,0.053,36.1,2.69,59.5,866.0,28
39.7,51.3,31.7,0.228,30.7,1.55,80.3,1296.0,28
6.9,39.5,8.4,0.08,67.2,1.02,5.3,568.0,14
178.9,93.5,53.2,0.879,19.8,3.67,200.8,3865.0,99
84.6,63.3,42.1,0.4,49.9,2.71,161.3,1511.0,60
246.4,82.7,41.3,0.474,22.5,4.94,171.4,2672.0,86
25.0,39.8,19.7,0.051,53.8,0.62,20.0,435.0,15
33.9,35.9,20.0,0.009,60.1,1.74,18.2,595.0,8
19.6,35.3,10.2,0.101,87.2,2.26,7.9,517.0,17
117.5,78.9,33.2,0.91,30.0,5.24,381.6,2207.0,87
32.4,33.1,13.7,0.033,79.5,1.48,57.0,756.0,26
1.9,20.2,9.6,0.007,60.4,1.91,26.2,1195.0,10
69.4,56.8,24.2,0.045,55.2,1.8,61.5,765.0,31
26.2,43.8,16.3,0.133,58.5,2.5,0.2,967.0,6
8.6,32.4,6.9,0.066,61.4,2.46,7.3,574.0,3
55.7,80.8,38.2,0.327,48.7,3.49,80.7,2449.0,74
11.4,40.6,19.7,0.191,72.8,0.92,2.9,844.0,5
19.2,36.1,6.9,0.051,59.6,2.04,23.9,221.0,3
40.1,59.4,34.1,0.062,40.4,3.1,96.2,1698.0,50
199.8,94.6,42.8,0.643,31.6,4.43,290.8,2558.0,100
21.5,30.2,13.5,0.008,63.7,1.43,13.5,886.0,6
52.4,42.5,24.4,0.032,58.1,2.1,118.6,1390.0,32
34.8,41.4,16.5,0.018,33.8,2.35,38.5,1359.0,42
49.3,63.1,15.3,0.296,46.2,3.07,105.9,559.0,37
100.7,78.9,34.0,0.504,30.2,4.3,177.2,1159.0,56
97.1,70.8,25.4,0.297,20.4,3.64,135.2,1489.0,75
10.6,43.5,17.3,0.138,88.5,1.85,48.3,288.0,0
107.1,77.4,28.8,0.113,34.4,2.36,109.0,2232.0,65
215.5,81.0,40.5,0.382,32.1,5.22,261.3,2713.0,77
30.1,57.1,31.7,0.02,30.3,2.76,94.2,1773.0,44
47.7,48.7,24.7,0.194,50.7,2.72,91.1,1562.0,38
18.5,29.8,11.3,0.013,85.7,1.33,28.4,695.0,20
41.8,44.8,29.5,0.188,45.3,2.52,82.9,1390.0,49
64.2,61.7,22.8,0.167,62.9,2.81,62.4,1114.0,34
98.3,62.2,34.7,0.187,24.7,3.23,175.2,2403.0,64
89.0,85.0,32.2,0.23,40.3,2.44,183.1,1656.0,52
50.9,43.6,19.5,0.103,41.9,2.21,34.2,1641.0,30
30.6,36.2,7.1,0.01,87.9,2.1,57.8,956.0,7
30.0,18.6,16.2,0.101,56.7,0.74,12.3,562.0,22
26.7,32.4,22.4,0.031,64.5,2.14,7.4,402.0,8
106.6,68.5,35.1,0.143,31.2,3.89,123.3,1930.0,57
31.4,64.1,23.3,0.164,46.1,3.2,101.5,970.0,27
101.5,94.1,53.6,0.359,14.4,5.95,191.1,1654.0,94
22.5,46.6,6.2,0.126,78.5,1.82,31.2,496.0,17
30.6,40.3,11.3,0.069,83.1,2.3,36.6,347.0,14
31.1,36.9,17.4,0.088,63.8,2.12,38.9,975.0,5
150.2,92.5,48.5,0.388,34.8,3.85,173.2,2879.0,91
5.6,16.0,20.9,0.119,59.7,2.05,43.6,1187.0,0
9.1,32.8,7.5,0.151,87.7,1.4,34.3,205.0,8
34.6,34.8,22.9,0.126,71.3,1.69,21.0,485.0,26
25.0,33.2,10.0,0.066,73.3,2.15,21.7,298.0,23
2.9,17.2,22.8,0.095,67.8,1.24,31.6,788.0,17
20.5,37.3,24.9,0.138,87.9,1.96,25.0,363.0,13
42.9,69.0,25.3,0.212,54.3,2.41,32.9,704.0,42
4.2,44.8,7.2,0.074,61.6,1.55,7.1,505.0,10
52.0,63.6,40.7,0.311,48.1,2.76,114.0,1111.0,75
182.1,79.4,31.1,0.637,14.3,4.36,234.5,2443.0,100
120.8,90.7,49.0,0.767,9.5,5.18,172.3,3062.0,95
65.0,50.2,15.9,0.268,45.5,2.05,38.0,715.0,29
27.0,25.8,17.9,0.129,53.4,2.41,32.5,958.0,21
83.3,82.4,27.4,0.568,25.4,2.05,174.4,1217.0,76
60.3,58.2,23.0,0.018,60.2,1.55,69.3,1039.0,41
24.6,69.4,25.8,0.114,36.4,3.04,43.9,1738.0,43
244.2,81.6,47.8,0.509,8.0,3.43,373.3,2145.0,73
102.6,74.7,34.9,0.476,31.6,2.29,87.3,1590.0,59
40.4,47.0,32.7,0.108,63.7,2.85,52.2,1221.0,28
42.3,65.4,25.0,0.313,35.0,2.58,45.1,819.0,41
20.1,53.9,31.6,0.116,64.0,1.5,114.0,1127.0,43
13.3,27.3,17.6,0.117,70.4,0.59,44.4,763.0,5
26.1,44.2,26.1,0.112,45.1,2.72,116.2,914.0,46
34.3,39.8,10.5,0.132,62.9,0.92,57.5,528.0,19
0.1,31.7,23.0,0.135,66.5,2.29,42.2,962.0,13
22.7,17.7,5.6,0.166,76.9,1.84,21.2,1013.0,19
62.0,64.4,34.7,0.05,43.0,1.89,30.8,1466.0,48
24.8,21.7,21.3,0.125,82.3,0.94,58.8,1167.0,0
55.2,58.2,15.1,0.394,52.3,1.72,55.0,1150.0,33
101.7,76.8,37.1,0.188,37.6,3.86,95.3,2387.0,60
9.6,44.7,5.5,0.194,77.1,1.73,40.8,1083.0,1
33.0,16.8,23.8,0.087,89.8,1.05,40.8,667.0,14
30.9,22.9,10.6,0.084,68.0,0.51,11.7,282.0,13
7.9,39.1,24.2,0.183,57.9,1.16,3.8,825.0,2
21.2,63.9,33.7,0.336,38.7,2.45,116.3,1582.0,38
33.0,42.2,17.4,0.153,75.0,1.66,5.1,261.0,2
109.3,61.6,27.6,0.56,33.3,2.75,155.1,912.0,66
34.7,51.4,16.9,0.301,38.2,2.7,89.4,514.0,39
30.8,36.7,11.8,0.188,81.3,1.41,19.7,392.0,0
23.4,63.7,18.9,0.229,52.3,2.01,67.9,1442.0,36
105.8,61.5,31.2,0.318,48.8,3.89,117.3,2305.0,71
146.3,84.9,39.2,0.306,22.6,5.03,164.3,2768.0,87
29.8,46.0,33.2,0.314,42.0,2.84,92.5,1777.0,44
19.8,26.7,11.0,0.066,54.2,2.25,54.6,696.0,5
66.1,75.6,29.8,0.467,48.6,2.83,168.8,1149.0,50
23.7,40.9,17.3,0.116,36.8,2.67,98.9,557.0,23
62.2,82.1,39.4,0.27,36.6,2.45,82.6,2233.0,48
4.8,37.9,22.7,0.068,58.4,1.41,22.2,572.0,8
34.9,45.9,22.6,0.013,55.8,2.35,47.7,392.0,12
80.1,75.9,43.4,0.482,37.6,4.14,115.3,1053.0,52
9.8,19.4,15.2,0.117,69.6,1.95,47.1,991.0,15
77.2,82.1,40.0,0.287,35.6,2.45,165.5,1693.0,67
49.1,59.1,30.8,0.26,37.3,3.29,70.7,805.0,30
38.9,44.7,31.8,0.102,33.0,3.0,56.6,1174.0,36
176.8,84.7,41.3,0.603,16.0,4.49,218.3,1562.0,87
55.3,82.5,30.9,0.351,36.4,2.2,113.2,1187.0,49
47.3,50.0,28.5,0.1,56.1,3.04,106.1,748.0,41
26.3,40.9,23.2,0.002,62.0,2.14,47.0,604.0,16
0.4,37.9,24.8,0.19,84.6,0.96,43.4,410.0,10
47.6,54.1,31.3,0.136,33.0,3.19,68.6,1725.0,36
62.6,40.9,17.8,0.35,40.7,2.98,75.0,1357.0,36
79.8,78.8,40.3,0.445,29.0,3.47,148.1,855.0,51
34.8,34.9,21.0,0.183,73.0,1.28,22.9,1149.0,5
43.7,49.9,34.2,0.256,40.7,1.84,90.7,731.0,51
29.3,42.1,34.3,0.114,38.2,2.82,36.3,575.0,36
110.2,70.3,28.1,0.155,36.1,3.2,88.3,2424.0,53
10.8,43.6,18.3,0.032,73.0,1.12,12.2,917.0,13
119.4,71.1,41.5,0.402,27.4,2.82,148.3,1635.0,68
113.7,90.9,53.0,0.543,30.3,5.38,247.8,3559.0,81
113.0,78.3,34.2,0.555,25.5,3.42,127.2,2408.0,54
94.0,67.3,43.3,0.449,41.7,2.54,139.2,2487.0,63
2.7,18.7,20.3,0.065,68.0,1.01,30.4,662.0,7
26.2,28.3,19.9,0.171,65.9,0.52,6.9,1117.0,15
17.0,17.4,16.0,0.048,88.0,0.78,49.2,1042.0,0
6.2,19.3,19.8,0.034,76.9,0.52,16.4,641.0,3
31.2,33.6,13.8,0.01,75.4,1.55,39.8,860.0,4
15.5,35.9,6.0,0.075,58.1,1.0,54.5,400.0,1
102.2,94.4,47.0,0.344,33.8,3.29,358.8,3160.0,95
176.9,94.3,38.1,0.739,23.7,5.8,248.8,2570.0,80
148.5,78.3,46.3,0.308,11.4,3.66,314.5,2196.0,94
232.8,86.2,49.2,0.65,34.7,5.14,347.8,3806.0,90
56.6,68.1,37.6,0.294,47.7,3.93,96.0,1098.0,74
23.3,17.4,5.4,0.182,68.0,1.52,44.5,703.0,17
93.1,82.4,31.2,0.469,42.7,3.55,87.2,1437.0,57
64.3,60.9,43.5,0.399,48.4,3.85,119.4,1273.0,65
68.9,59.4,20.8,0.009,59.6,2.16,51.8,1201.0,44
24.4,22.8,22.5,0.104,57.3,1.76,3.9,692.0,1
5.0,22.1,6.8,0.119,83.2,2.36,14.2,278.0,25
100.5,66.1,28.5,0.224,28.6,3.12,156.3,1262.0,61
12.6,28.2,14.4,0.085,74.4,1.37,9.4,1154.0,10
15.0,17.9,23.1,0.06,71.5,1.61,10.5,580.0,11
89.3,72.0,31.7,0.457,25.9,4.29,80.5,2265.0,73
66.3,68.2,34.4,0.149,47.1,2.78,82.9,1031.0,22
48.3,45.8,23.7,0.102,62.0,2.94,75.9,1135.0,47
22.8,47.4,19.7,0.048,51.4,2.13,37.9,876.0,27
9.1,30.9,18.6,0.051,74.1,2.4,50.5,212.0,20
32.1,28.9,16.7,0.18,70.7,0.88,25.4,1030.0,7
46.7,66.6,26.7,0.294,56.3,3.35,108.2,642.0,43
9.4,22.3,20.0,0.14,50.3,0.84,29.5,297.0,25
52.7,62.0,18.4,0.15,54.6,1.9,46.4,1733.0,43
6.5,17.1,8.7,0.152,60.4,2.3,24.5,827.0,15
5.8,25.3,12.6,0.055,63.7,1.67,28.7,873.0,0
212.8,78.1,44.6,0.991,7.9,4.57,151.8,3007.0,98
16.6,26.8,13.6,0.074,85.6,2.5,49.0,1141.0,22
22.9,50.7,21.6,0.04,46.0,2.9,95.3,1654.0,24
30.4,24.8,19.0,0.163,64.7,1.74,39.5,675.0,18
119.0,83.9,41.3,0.108,30.8,2.11,176.9,1353.0,62
14.0,36.4,6.6,0.086,87.3,2.36,59.2,1057.0,4
63.7,63.6,35.4,0.386,45.7,3.26,95.3,2155.0,64
34.6,31.3,22.9,0.191,69.3,1.58,14.6,370.0,17
249.0,78.6,53.2,0.529,16.5,3.84,329.8,3165.0,92
32.3,37.2,14.8,0.159,63.3,0.95,34.6,1124.0,7
113.7,78.6,39.5,0.427,43.6,4.42,132.4,1197.0,54
57.8,68.5,36.8,0.194,48.3,3.43,95.3,1333.0,66
10.9,35.7,8.8,0.078,66.9,2.04,47.9,1134.0,7
20.7,18.7,5.2,0.17,62.6,2.13,17.8,419.0,23
142.5,92.9,51.2,0.879,6.0,3.96,275.6,3221.0,87
61.4,54.9,29.1,0.151,64.3,2.17,104.5,774.0,46
1.8,45.3,8.6,0.098,65.7,2.47,39.6,1049.0,3
41.1,54.2,22.0,0.157,32.5,2.95,55.4,1700.0,50
26.5,62.6,26.6,0.322,59.7,2.92,71.2,713.0,31
10.2,20.1,9.4,0.15,79.4,0.52,43.6,776.0,18
69.1,60.4,18.4,0.023,42.4,2.45,115.1,653.0,46
80.4,63.7,39.5,0.223,23.6,2.99,116.3,1813.0,60
27.2,49.7,18.4,0.018,68.5,2.14,22.9,832.0,14
117.5,80.4,46.0,0.936,11.7,4.76,396.8,2699.0,93
6.3,31.9,17.9,0.087,72.9,0.7,3.8,1109.0,14
55.0,51.8,31.3,0.313,48.6,1.63,105.3,1201.0,41
7.3,38.1,7.3,0.172,77.8,0.51,26.8,514.0,0
52.6,42.6,20.1,0.301,33.0,1.75,56.9,1756.0,31
23.0,23.7,5.9,0.189,86.2,1.09,32.0,340.0,15
69.3,50.6,25.8,0.084,33.5,3.14,51.3,744.0,32
21.1,22.6,12.2,0.026,74.9,0.65,15.3,582.0,6
67.2,60.3,33.8,0.057,37.1,2.76,54.2,1323.0,43
19.7,37.7,15.2,0.033,82.9,1.13,47.3,579.0,17
118.7,80.2,43.7,0.346,24.2,4.09,233.4,2183.0,98
56.9,84.5,29.4,0.576,43.5,2.31,143.2,2288.0,70
152.3,89.4,37.0,0.49,8.0,3.14,229.5,3380.0,80
23.7,42.6,16.0,0.176,66.1,1.68,15.5,887.0,19
5.0,34.9,10.3,0.184,75.6,1.24,46.7,878.0,15
119.0,80.0,35.0,0.238,32.8,4.35,185.8,2184.0,64
33.2,29.2,11.3,0.018,53.2,1.96,56.7,365.0,0
19.4,32.2,22.5,0.192,67.0,1.52,43.8,680.0,21
31.1,39.4,13.1,0.123,86.4,1.99,42.8,903.0,23
101.7,83.8,41.5,0.54,35.8,3.52,152.9,2440.0,74
6.1,27.8,7.7,0.071,52.0,1.49,10.2,1170.0,15
87.7,79.2,27.4,0.25,28.8,2.53,168.6,1767.0,55
33.6,33.0,22.9,0.187,85.7,2.2,3.4,206.0,14
57.5,68.7,39.4,0.301,20.3,3.08,103.7,1699.0,55
173.1,81.1,46.4,0.458,16.9,3.9,257.1,1955.0,99
165.8,94.8,34.0,0.548,18.0,4.08,367.6,1996.0,80
159.2,92.9,52.5,0.412,11.0,4.44,316.3,2164.0,90
60.0,61.4,21.5,0.306,60.9,2.5,113.1,1596.0,34
116.2,78.4,33.9,0.65,28.0,3.71,319.6,2355.0,89
34.5,54.6,30.2,0.099,35.3,2.52,52.5,1497.0,31
15.0,31.6,20.7,0.021,79.2,1.72,11.3,1055.0,25
118.1,86.0,36.8,0.435,9.4,3.05,199.9,3661.0,88
55.0,69.4,19.4,0.17,32.1,2.35,34.6,643.0,35
24.9,23.6,22.9,0.036,50.0,1.82,19.3,485.0,12
127.7,97.0,39.1,0.513,7.9,3.04,287.9,3655.0,85
12.6,42.3,15.6,0.074,76.0,0.92,23.0,1087.0,9
4.2,35.5,23.2,0.131,57.6,1.91,55.5,275.0,21
100.8,84.7,29.0,0.46,21.3,2.48,146.1,1229.0,77
31.3,30.7,19.3,0.182,52.7,1.34,55.9,704.0,0
54.8,43.9,15.9,0.226,57.8,2.89,96.7,1017.0,49
34.0,20.8,20.0,0.077,81.2,1.3,16.3,384.0,9
98.8,82.0,40.8,0.328,41.2,3.31,116.4,1175.0,71
28.6,41.4,19.8,0.016,35.2,3.27,113.5,852.0,31
34.6,22.3,7.3,0.13,75.3,2.44,19.5,1146.0,16
14.3,36.4,11.5,0.011,82.6,2.15,13.2,1165.0,4
18.8,49.3,20.6,0.156,54.3,1.99,22.9,854.0,25
7.2,30.5,11.5,0.041,75.2,2.22,23.7,646.0,24
65.1,42.8,18.6,0.074,60.2,1.88,74.1,1448.0,44
124.4,81.6,39.9,0.725,7.1,3.22,211.3,3773.0,83
4.8,41.3,5.2,0.02,65.4,0.72,0.8,1031.0,0
55.9,63.6,37.5,0.107,49.0,4.39,92.8,2051.0,56
83.6,74.1,33.9,0.182,30.0,2.39,86.7,1976.0,73
223.7,80.1,37.4,0.658,30.1,3.43,378.0,1560.0,89
198.3,82.5,52.0,0.569,31.5,5.47,178.1,1924.0,76
243.4,85.1,45.4,0.383,32.7,5.76,373.9,3011.0,81
50.0,60.4,18.0,0.267,40.6,3.14,61.4,635.0,45
33.3,67.2,31.0,0.316,60.2,3.46,100.0,691.0,30
59.8,69.3,31.3,0.045,45.0,2.95,43.0,920.0,26
12.3,32.3,14.6,0.195,74.1,1.77,8.3,1144.0,8
44.9,56.0,25.6,0.329,43.5,2.66,68.0,1251.0,45
8.2,15.1,24.9,0.003,72.3,2.42,55.3,260.0,11
30.3,43.7,10.9,0.029,84.1,2.44,54.8,442.0,2
4.1,39.4,7.9,0.147,77.8,1.35,3.2,306.0,14
49.7,44.7,17.9,0.057,38.6,1.52,104.8,1041.0,46
27.0,55.8,34.0,0.188,55.3,2.39,88.0,517.0,25
196.4,90.1,34.3,0.412,16.9,4.27,387.1,2636.0,96
17.6,39.8,13.5,0.031,88.9,1.54,58.7,325.0,7
7.7,21.4,19.9,0.112,83.7,2.13,28.1,513.0,21
5.8,43.1,17.9,0.039,54.3,0.66,36.2,1047.0,0
87.9,61.6,36.9,0.478,29.3,3.38,156.6,855.0,54
19.8,34.7,20.8,0.009,62.6,2.39,0.5,557.0,10
35.7,51.7,22.1,0.052,53.6,2.16,110.7,1155.0,38
219.4,87.5,51.7,0.326,9.8,5.05,169.7,3065.0,95
28.3,37.9,20.4,0.032,88.5,1.53,43.7,851.0,24
26.6,48.7,27.5,0.376,31.4,2.93,91.5,811.0,48
122.9,90.6,42.4,0.863,9.3,5.61,286.8,3922.0,96
42.7,45.1,20.9,0.027,50.2,2.21,36.4,1424.0,38
34.2,41.7,13.8,0.185,87.6,2.44,29.3,563.0,10
51.0,60.4,23.8,0.205,51.9,2.13,37.5,1037.0,38
34.7,16.5,24.5,0.011,81.6,1.9,33.6,355.0,2
48.5,65.6,19.5,0.35,53.4,2.2,72.2,1196.0,35
209.8,96.3,53.1,0.838,11.0,3.99,229.3,3991.0,88
16.7,24.7,5.8,0.031,68.8,1.78,19.2,231.0,20
221.3,93.8,54.5,0.449,11.3,3.07,339.7,2557.0,88
59.9,66.8,26.6,0.537,33.5,3.05,105.7,2318.0,50
235.2,84.8,48.8,0.415,15.5,4.26,268.9,3222.0,81
54.6,51.7,15.2,0.313,50.9,1.66,90.1,1301.0,40
32.9,41.0,19.7,0.063,56.0,1.42,8.8,1064.0,8
46.0,40.1,24.0,0.333,34.4,2.4,117.3,627.0,29
47.3,45.0,22.6,0.139,63.3,3.44,81.9,519.0,31
71.5,80.5,27.5,0.35,50.0,3.04,122.2,2208.0,66
11.8,47.4,14.2,0.075,72.1,0.83,26.2,485.0,26
34.2,58.6,33.5,0.343,64.8,3.11,39.3,1345.0,45
212.5,90.5,43.6,0.743,20.1,5.42,316.9,3629.0,79
19.3,19.0,22.1,0.19,64.0,2.09,27.8,1108.0,21
156.2,82.5,37.1,0.916,12.9,5.52,348.8,2537.0,77
14.5,15.5,8.1,0.075,82.7,2.14,36.0,535.0,19
118.1,64.8,37.9,0.514,44.0,3.44,95.5,1882.0,70
35.9,44.8,19.6,0.284,34.4,1.74,81.9,1010.0,54
29.3,20.6,11.4,0.019,51.0,0.52,46.2,353.0,22
2.8,28.4,19.8,0.026,68.1,1.76,21.5,440.0,6
108.8,78.2,41.1,0.289,27.8,2.13,90.0,1044.0,55
30.3,18.9,23.5,0.025,55.7,1.02,10.8,277.0,9
44.6,40.7,16.5,0.384,32.7,2.87,63.8,908.0,36
50.7,64.5,36.3,0.403,20.9,4.44,199.2,1623.0,73
27.9,62.3,33.5,0.077,31.0,1.55,76.1,698.0,32
1.0,19.8,6.7,0.138,55.1,1.05,12.0,292.0,25
16.3,43.3,13.7,0.189,86.9,1.0,11.9,1046.0,21
3.6,42.8,16.8,0.033,58.2,1.94,26.0,646.0,18
21.8,36.3,13.6,0.113,65.0,1.77,3.9,367.0,4
78.7,75.1,42.5,0.575,35.9,3.0,93.8,2175.0,60
23.6,59.7,22.4,0.312,34.3,2.14,31.0,928.0,43
31.5,34.7,12.7,0.12,71.1,0.71,16.7,808.0,17
52.3,60.5,23.7,0.325,36.9,1.6,74.5,561.0,34
167.9,90.0,44.8,0.465,5.6,3.05,345.8,2939.0,77
108.9,70.1,42.9,0.559,21.2,3.61,88.3,962.0,62
102.8,70.0,36.1,0.257,38.4,2.98,163.6,1573.0,66
32.8,18.6,9.5,0.165,55.5,2.49,51.7,924.0,4
208.6,94.2,50.4,0.676,5.1,5.06,163.1,3708.0,72
145.6,83.3,47.2,0.854,16.4,5.1,381.2,2959.0,75
60.4,74.6,42.0,0.548,39.1,3.67,142.6,1209.0,70
34.0,63.2,24.7,0.037,56.8,2.92,61.8,1586.0,37
30.0,39.3,6.5,0.099,58.5,1.84,28.1,585.0,11
107.0,79.0,35.3,0.257,48.3,3.77,158.6,2241.0,50
75.5,84.4,42.4,0.357,43.4,2.47,113.3,1079.0,63
5.2,45.7,19.9,0.048,85.8,0.87,1.7,862.0,14
114.9,62.1,33.6,0.175,35.1,3.27,86.4,1263.0,48
25.6,29.8,10.9,0.081,73.8,1.56,29.6,634.0,16
33.6,22.7,6.1,0.007,60.6,0.63,6.1,426.0,20
25.1,62.0,32.6,0.107,37.2,3.07,61.3,874.0,43
3.3,32.6,19.0,0.095,62.2,2.31,14.3,515.0,0
113.0,63.5,25.3,0.337,30.0,2.44,111.7,931.0,66
68.5,57.5,24.8,0.099,33.8,3.14,81.1,1788.0,35
57.7,63.3,17.0,0.322,41.7,2.48,61.6,1209.0,48
82.1,80.7,31.0,0.267,35.5,3.66,183.8,2234.0,61
86.4,76.0,28.0,0.305,26.6,4.49,122.9,853.0,69
57.2,45.8,34.1,0.255,63.8,3.25,91.1,1669.0,42
113.7,68.7,31.6,0.395,48.4,2.69,102.9,1785.0,72
4.3,42.8,16.3,0.159,63.9,0.72,0.5,1127.0,6
18.3,25.1,16.2,0.033,69.5,0.63,17.7,654.0,5
4.3,32.1,5.1,0.07,83.4,0.6,8.3,1079.0,21
19.6,48.4,19.3,0.029,79.3,1.36,55.1,491.0,3
8.7,38.7,12.7,0.08,86.2,2.29,55.2,797.0,9
63.8,64.1,17.8,0.307,38.8,2.33,48.0,896.0,38
16.1,21.4,20.6,0.167,53.8,1.55,41.6,704.0,21
41.4,52.6,23.2,0.011,49.6,3.41,67.9,1483.0,43
20.3,28.1,17.4,0.18,85.1,0.61,50.7,326.0,16
58.1,55.5,31.8,0.034,39.5,3.47,39.6,1273.0,38
36.6,41.8,29.8,0.27,55.9,1.61,48.5,687.0,50
234.3,90.8,33.9,0.74,26.6,5.81,351.4,3059.0,77
123.0,95.6,43.0,0.473,8.1,3.07,276.5,2477.0,77
69.1,64.6,31.8,0.219,58.8,2.86,107.3,1302.0,35
6.5,43.6,18.1,0.034,79.7,1.59,28.6,490.0,17
17.3,38.4,12.8,0.14,54.3,1.33,25.5,228.0,10
20.6,49.1,27.9,0.357,51.7,1.59,111.6,1752.0,41
118.7,68.9,42.1,0.352,30.5,3.77,126.9,907.0,67
56.0,50.2,29.3,0.315,39.7,3.03,57.3,1012.0,47
43.6,59.8,26.5,0.371,57.1,2.55,41.6,921.0,43
61.5,42.0,15.6,0.293,38.1,2.83,74.9,1383.0,33
28.3,40.6,9.7,0.18,57.0,2.28,45.3,620.0,0
4.0,44.6,6.5,0.153,74.3,2.18,55.4,521.0,24
69.4,57.2,19.0,0.101,45.3,2.07,48.1,711.0,39
103.6,97.2,32.4,0.323,9.2,3.02,343.6,2921.0,77
101.1,82.8,37.8,0.348,45.0,3.43,136.8,1399.0,72
28.1,30.4,17.5,0.175,72.8,0.75,31.0,301.0,13
181.1,78.5,50.5,0.503,29.8,4.17,239.5,3681.0,79
186.3,95.1,53.3,0.65,17.0,3.17,324.4,1777.0,89
1.1,29.7,9.0,0.178,52.4,0.91,49.0,530.0,29
2.2,32.3,21.1,0.113,74.4,2.17,48.4,546.0,3
50.6,42.4,26.0,0.379,39.5,1.58,33.2,1160.0,45
35.2,65.5,34.4,0.009,31.9,3.05,103.0,1194.0,42
0.6,31.9,12.7,0.075,55.0,1.9,33.0,316.0,7
12.9,21.8,13.7,0.012,59.3,1.68,13.6,947.0,21
220.3,95.5,36.2,0.34,6.7,4.32,220.6,2285.0,99
34.9,19.5,13.0,0.132,76.3,0.65,56.3,406.0,22
30.1,30.5,11.1,0.073,72.1,2.24,14.7,1093.0,13
22.7,67.0,29.1,0.249,39.8,1.91,42.3,1769.0,31
7.4,28.0,21.3,0.028,89.1,1.9,39.0,654.0,0
21.7,48.3,22.7,0.331,33.0,2.06,84.9,1144.0,38
31.2,51.4,28.2,0.213,53.1,1.56,98.7,1718.0,44
31.8,43.4,16.8,0.151,63.6,2.16,26.0,628.0,18
19.4,48.3,23.6,0.057,89.6,1.57,25.4,919.0,27
117.2,71.7,44.9,0.219,47.2,2.7,161.9,1266.0,60
90.0,61.0,30.5,0.234,27.5,3.63,172.6,821.0,63
29.3,44.7,13.9,0.003,50.4,0.57,21.5,838.0,15
49.0,42.4,32.9,0.221,63.4,2.38,53.2,1523.0,35
194.6,80.9,45.4,0.335,8.4,3.12,321.1,3651.0,93
207.6,79.2,47.9,0.481,12.7,5.04,364.4,2383.0,92
12.2,17.7,13.9,0.102,59.5,1.15,22.3,1023.0,9
30.7,20.0,11.5,0.158,63.4,1.32,39.1,671.0,13
155.2,83.8,33.8,0.714,8.2,3.63,228.3,3289.0,100
24.9,47.9,12.6,0.117,76.3,0.8,45.8,849.0,0
69.9,58.9,29.7,0.216,34.2,3.26,101.8,1289.0,49
35.8,45.9,26.5,0.364,41.5,3.1,118.0,800.0,31
15.6,48.5,13.2,0.016,72.4,0.65,21.7,684.0,9
8.0,44.0,24.7,0.185,59.8,2.32,40.4,866.0,18
12.0,19.1,13.2,0.101,55.9,1.49,52.9,398.0,7
118.1,83.3,43.9,0.951,27.3,3.38,158.5,2579.0,94
4.6,45.3,23.4,0.181,64.2,1.3,33.4,912.0,3
31.4,35.7,17.3,0.199,51.8,1.98,21.3,649.0,18
61.7,48.7,24.5,0.054,36.4,3.03,112.5,1718.0,24
20.8,27.9,18.0,0.076,67.5,1.52,35.3,1145.0,1
